player_id,nhl_games,nhl_goals,nhl_assists,nhl_points,seasons_played,last_season,value_proxy,source,source_id,source_url
2025-001-matthew-schaefer,0,0,0,0,0,,,wikipedia,2025-001-matthew-schaefer,https://en.wikipedia.org/wiki/2025_NHL_entry_draft
2025-002-michael-misa,0,0,0,0,0,,,wikipedia,2025-002-michael-misa,https://en.wikipedia.org/wiki/2025_NHL_entry_draft
2025-003-anton-frondell,0,0,0,0,0,,,wikipedia,2025-003-anton-frondell,https://en.wikipedia.org/wiki/2025_NHL_entry_draft
2025-004-caleb-desnoyers,0,0,0,0,0,,,wikipedia,2025-004-caleb-desnoyers,https://en.wikipedia.org/wiki/2025_NHL_entry_draft
2025-005-brady-martin,0,0,0,0,0,,,wikipedia,2025-005-brady-martin,https://en.wikipedia.org/wiki/2025_NHL_entry_draft
2025-006-porter-martone,0,0,0,0,0,,,wikipedia,2025-006-porter-martone,https://en.wikipedia.org/wiki/2025_NHL_entry_draft
2025-007-james-hagens,0,0,0,0,0,,,wikipedia,2025-007-james-hagens,https://en.wikipedia.org/wiki/2025_NHL_entry_draft
2025-008-jake-o-brien,0,0,0,0,0,,,wikipedia,2025-008-jake-o-brien,https://en.wikipedia.org/wiki/2025_NHL_entry_draft
2025-009-radim-mrtka,0,0,0,0,0,,,wikipedia,2025-009-radim-mrtka,https://en.wikipedia.org/wiki/2025_NHL_entry_draft
2025-010-roger-mcqueen,0,0,0,0,0,,,wikipedia,2025-010-roger-mcqueen,https://en.wikipedia.org/wiki/2025_NHL_entry_draft
2025-011-ben-kindel,0,0,0,0,0,,,wikipedia,2025-011-ben-kindel,https://en.wikipedia.org/wiki/2025_NHL_entry_draft
2025-012-jack-nesbitt,0,0,0,0,0,,,wikipedia,2025-012-jack-nesbitt,https://en.wikipedia.org/wiki/2025_NHL_entry_draft
2025-013-carter-bear,0,0,0,0,0,,,wikipedia,2025-013-carter-bear,https://en.wikipedia.org/wiki/2025_NHL_entry_draft
2025-014-jackson-smith,0,0,0,0,0,,,wikipedia,2025-014-jackson-smith,https://en.wikipedia.org/wiki/2025_NHL_entry_draft
2025-015-braeden-cootes,0,0,0,0,0,,,wikipedia,2025-015-braeden-cootes,https://en.wikipedia.org/wiki/2025_NHL_entry_draft
2025-016-victor-eklund,0,0,0,0,0,,,wikipedia,2025-016-victor-eklund,https://en.wikipedia.org/wiki/2025_NHL_entry_draft
2025-017-kashawn-aitcheson,0,0,0,0,0,,,wikipedia,2025-017-kashawn-aitcheson,https://en.wikipedia.org/wiki/2025_NHL_entry_draft
2025-018-cole-reschny,0,0,0,0,0,,,wikipedia,2025-018-cole-reschny,https://en.wikipedia.org/wiki/2025_NHL_entry_draft
2025-019-justin-carbonneau,0,0,0,0,0,,,wikipedia,2025-019-justin-carbonneau,https://en.wikipedia.org/wiki/2025_NHL_entry_draft
2025-020-pyotr-andreyanov,0,0,0,0,0,,,wikipedia,2025-020-pyotr-andreyanov,https://en.wikipedia.org/wiki/2025_NHL_entry_draft
2025-021-cameron-reid,0,0,0,0,0,,,wikipedia,2025-021-cameron-reid,https://en.wikipedia.org/wiki/2025_NHL_entry_draft
2025-022-bill-zonnon,0,0,0,0,0,,,wikipedia,2025-022-bill-zonnon,https://en.wikipedia.org/wiki/2025_NHL_entry_draft
2025-023-logan-hensler,0,0,0,0,0,,,wikipedia,2025-023-logan-hensler,https://en.wikipedia.org/wiki/2025_NHL_entry_draft
2025-024-will-horcoff,0,0,0,0,0,,,wikipedia,2025-024-will-horcoff,https://en.wikipedia.org/wiki/2025_NHL_entry_draft
2025-025-vaclav-nestrasil,0,0,0,0,0,,,wikipedia,2025-025-vaclav-nestrasil,https://en.wikipedia.org/wiki/2025_NHL_entry_draft
2025-026-ryker-lee,0,0,0,0,0,,,wikipedia,2025-026-ryker-lee,https://en.wikipedia.org/wiki/2025_NHL_entry_draft
2025-027-lynden-lakovic,0,0,0,0,0,,,wikipedia,2025-027-lynden-lakovic,https://en.wikipedia.org/wiki/2025_NHL_entry_draft
2025-028-sascha-boumedienne,0,0,0,0,0,,,wikipedia,2025-028-sascha-boumedienne,https://en.wikipedia.org/wiki/2025_NHL_entry_draft
2025-029-mason-west,0,0,0,0,0,,,wikipedia,2025-029-mason-west,https://en.wikipedia.org/wiki/2025_NHL_entry_draft
2025-030-joshua-ravensbergen,0,0,0,0,0,,,wikipedia,2025-030-joshua-ravensbergen,https://en.wikipedia.org/wiki/2025_NHL_entry_draft
2025-031-henry-brzustewicz,0,0,0,0,0,,,wikipedia,2025-031-henry-brzustewicz,https://en.wikipedia.org/wiki/2025_NHL_entry_draft
2025-032-cullen-potter,0,0,0,0,0,,,wikipedia,2025-032-cullen-potter,https://en.wikipedia.org/wiki/2025_NHL_entry_draft
2025-033-haoxi-wang,0,0,0,0,0,,,wikipedia,2025-033-haoxi-wang,https://en.wikipedia.org/wiki/2025_NHL_entry_draft
2025-034-alexander-zharovsky,0,0,0,0,0,,,wikipedia,2025-034-alexander-zharovsky,https://en.wikipedia.org/wiki/2025_NHL_entry_draft
2025-035-jacob-rombach,0,0,0,0,0,,,wikipedia,2025-035-jacob-rombach,https://en.wikipedia.org/wiki/2025_NHL_entry_draft
2025-036-blake-fiddler,0,0,0,0,0,,,wikipedia,2025-036-blake-fiddler,https://en.wikipedia.org/wiki/2025_NHL_entry_draft
2025-037-milton-gastrin,0,0,0,0,0,,,wikipedia,2025-037-milton-gastrin,https://en.wikipedia.org/wiki/2025_NHL_entry_draft
2025-038-carter-amico,0,0,0,0,0,,,wikipedia,2025-038-carter-amico,https://en.wikipedia.org/wiki/2025_NHL_entry_draft
2025-039-peyton-kettles,0,0,0,0,0,,,wikipedia,2025-039-peyton-kettles,https://en.wikipedia.org/wiki/2025_NHL_entry_draft
2025-040-jack-murtagh,0,0,0,0,0,,,wikipedia,2025-040-jack-murtagh,https://en.wikipedia.org/wiki/2025_NHL_entry_draft
2025-041-semyon-frolov,0,0,0,0,0,,,wikipedia,2025-041-semyon-frolov,https://en.wikipedia.org/wiki/2025_NHL_entry_draft
2025-042-daniil-prokhorov,0,0,0,0,0,,,wikipedia,2025-042-daniil-prokhorov,https://en.wikipedia.org/wiki/2025_NHL_entry_draft
2025-043-malcolm-spence,0,0,0,0,0,,,wikipedia,2025-043-malcolm-spence,https://en.wikipedia.org/wiki/2025_NHL_entry_draft
2025-044-eddie-genborg,0,0,0,0,0,,,wikipedia,2025-044-eddie-genborg,https://en.wikipedia.org/wiki/2025_NHL_entry_draft
2025-045-eric-nilson,0,0,0,0,0,,,wikipedia,2025-045-eric-nilson,https://en.wikipedia.org/wiki/2025_NHL_entry_draft
2025-046-max-psenicka,0,0,0,0,0,,,wikipedia,2025-046-max-psenicka,https://en.wikipedia.org/wiki/2025_NHL_entry_draft
2025-047-alexei-medvedev,0,0,0,0,0,,,wikipedia,2025-047-alexei-medvedev,https://en.wikipedia.org/wiki/2025_NHL_entry_draft
2025-048-shane-vansaghi,0,0,0,0,0,,,wikipedia,2025-048-shane-vansaghi,https://en.wikipedia.org/wiki/2025_NHL_entry_draft
2025-049-charlie-cerrato,0,0,0,0,0,,,wikipedia,2025-049-charlie-cerrato,https://en.wikipedia.org/wiki/2025_NHL_entry_draft
2025-050-conrad-fondrk,0,0,0,0,0,,,wikipedia,2025-050-conrad-fondrk,https://en.wikipedia.org/wiki/2025_NHL_entry_draft
2025-051-william-moore,0,0,0,0,0,,,wikipedia,2025-051-william-moore,https://en.wikipedia.org/wiki/2025_NHL_entry_draft
2025-052-theodor-hallquisth,0,0,0,0,0,,,wikipedia,2025-052-theodor-hallquisth,https://en.wikipedia.org/wiki/2025_NHL_entry_draft
2025-053-cole-mckinney,0,0,0,0,0,,,wikipedia,2025-053-cole-mckinney,https://en.wikipedia.org/wiki/2025_NHL_entry_draft
2025-054-theo-stockselius,0,0,0,0,0,,,wikipedia,2025-054-theo-stockselius,https://en.wikipedia.org/wiki/2025_NHL_entry_draft
2025-055-jakob-ihs-wozniak,0,0,0,0,0,,,wikipedia,2025-055-jakob-ihs-wozniak,https://en.wikipedia.org/wiki/2025_NHL_entry_draft
2025-056-ethan-czata,0,0,0,0,0,,,wikipedia,2025-056-ethan-czata,https://en.wikipedia.org/wiki/2025_NHL_entry_draft
2025-057-matthew-gard,0,0,0,0,0,,,wikipedia,2025-057-matthew-gard,https://en.wikipedia.org/wiki/2025_NHL_entry_draft
2025-058-jack-ivankovic,0,0,0,0,0,,,wikipedia,2025-058-jack-ivankovic,https://en.wikipedia.org/wiki/2025_NHL_entry_draft
2025-059-vojtech-cihar,0,0,0,0,0,,,wikipedia,2025-059-vojtech-cihar,https://en.wikipedia.org/wiki/2025_NHL_entry_draft
2025-060-lasse-boelius,0,0,0,0,0,,,wikipedia,2025-060-lasse-boelius,https://en.wikipedia.org/wiki/2025_NHL_entry_draft
2025-061-liam-pettersson,0,0,0,0,0,,,wikipedia,2025-061-liam-pettersson,https://en.wikipedia.org/wiki/2025_NHL_entry_draft
2025-062-ivan-ryabkin,0,0,0,0,0,,,wikipedia,2025-062-ivan-ryabkin,https://en.wikipedia.org/wiki/2025_NHL_entry_draft
2025-063-ben-kevan,0,0,0,0,0,,,wikipedia,2025-063-ben-kevan,https://en.wikipedia.org/wiki/2025_NHL_entry_draft
2025-064-tinus-luc-koblar,0,0,0,0,0,,,wikipedia,2025-064-tinus-luc-koblar,https://en.wikipedia.org/wiki/2025_NHL_entry_draft
2025-065-kieren-dervin,0,0,0,0,0,,,wikipedia,2025-065-kieren-dervin,https://en.wikipedia.org/wiki/2025_NHL_entry_draft
2025-066-nathan-behm,0,0,0,0,0,,,wikipedia,2025-066-nathan-behm,https://en.wikipedia.org/wiki/2025_NHL_entry_draft
2025-067-kurban-limatov,0,0,0,0,0,,,wikipedia,2025-067-kurban-limatov,https://en.wikipedia.org/wiki/2025_NHL_entry_draft
2025-068-will-reynolds,0,0,0,0,0,,,wikipedia,2025-068-will-reynolds,https://en.wikipedia.org/wiki/2025_NHL_entry_draft
2025-069-hayden-paupanekis,0,0,0,0,0,,,wikipedia,2025-069-hayden-paupanekis,https://en.wikipedia.org/wiki/2025_NHL_entry_draft
2025-070-sean-barnhill,0,0,0,0,0,,,wikipedia,2025-070-sean-barnhill,https://en.wikipedia.org/wiki/2025_NHL_entry_draft
2025-071-david-bedkowski,0,0,0,0,0,,,wikipedia,2025-071-david-bedkowski,https://en.wikipedia.org/wiki/2025_NHL_entry_draft
2025-072-noah-read,0,0,0,0,0,,,wikipedia,2025-072-noah-read,https://en.wikipedia.org/wiki/2025_NHL_entry_draft
2025-073-charlie-trethewey,0,0,0,0,0,,,wikipedia,2025-073-charlie-trethewey,https://en.wikipedia.org/wiki/2025_NHL_entry_draft
2025-074-luca-romano,0,0,0,0,0,,,wikipedia,2025-074-luca-romano,https://en.wikipedia.org/wiki/2025_NHL_entry_draft
2025-075-michal-pradel,0,0,0,0,0,,,wikipedia,2025-075-michal-pradel,https://en.wikipedia.org/wiki/2025_NHL_entry_draft
2025-076-malte-vass,0,0,0,0,0,,,wikipedia,2025-076-malte-vass,https://en.wikipedia.org/wiki/2025_NHL_entry_draft
2025-077-francesco-dell-elce,0,0,0,0,0,,,wikipedia,2025-077-francesco-dell-elce,https://en.wikipedia.org/wiki/2025_NHL_entry_draft
2025-078-stepan-hoch,0,0,0,0,0,,,wikipedia,2025-078-stepan-hoch,https://en.wikipedia.org/wiki/2025_NHL_entry_draft
2025-079-cooper-simpson,0,0,0,0,0,,,wikipedia,2025-079-cooper-simpson,https://en.wikipedia.org/wiki/2025_NHL_entry_draft
2025-080-mace-o-phillips,0,0,0,0,0,,,wikipedia,2025-080-mace-o-phillips,https://en.wikipedia.org/wiki/2025_NHL_entry_draft
2025-081-bryce-pickford,0,0,0,0,0,,,wikipedia,2025-081-bryce-pickford,https://en.wikipedia.org/wiki/2025_NHL_entry_draft
2025-082-arseni-radkov,0,0,0,0,0,,,wikipedia,2025-082-arseni-radkov,https://en.wikipedia.org/wiki/2025_NHL_entry_draft
2025-083-tommy-lafreniere,0,0,0,0,0,,,wikipedia,2025-083-tommy-lafreniere,https://en.wikipedia.org/wiki/2025_NHL_entry_draft
2025-084-gabriel-d-aigle,0,0,0,0,0,,,wikipedia,2025-084-gabriel-d-aigle,https://en.wikipedia.org/wiki/2025_NHL_entry_draft
2025-085-mateo-nobert,0,0,0,0,0,,,wikipedia,2025-085-mateo-nobert,https://en.wikipedia.org/wiki/2025_NHL_entry_draft
2025-086-tyler-hopkins,0,0,0,0,0,,,wikipedia,2025-086-tyler-hopkins,https://en.wikipedia.org/wiki/2025_NHL_entry_draft
2025-087-roman-bausov,0,0,0,0,0,,,wikipedia,2025-087-roman-bausov,https://en.wikipedia.org/wiki/2025_NHL_entry_draft
2025-088-kristian-epperson,0,0,0,0,0,,,wikipedia,2025-088-kristian-epperson,https://en.wikipedia.org/wiki/2025_NHL_entry_draft
2025-089-artyom-gonchar,0,0,0,0,0,,,wikipedia,2025-089-artyom-gonchar,https://en.wikipedia.org/wiki/2025_NHL_entry_draft
2025-090-mason-moe,0,0,0,0,0,,,wikipedia,2025-090-mason-moe,https://en.wikipedia.org/wiki/2025_NHL_entry_draft
2025-091-brady-peddle,0,0,0,0,0,,,wikipedia,2025-091-brady-peddle,https://en.wikipedia.org/wiki/2025_NHL_entry_draft
2025-092-owen-martin,0,0,0,0,0,,,wikipedia,2025-092-owen-martin,https://en.wikipedia.org/wiki/2025_NHL_entry_draft
2025-093-blake-vanek,0,0,0,0,0,,,wikipedia,2025-093-blake-vanek,https://en.wikipedia.org/wiki/2025_NHL_entry_draft
2025-094-cameron-schmidt,0,0,0,0,0,,,wikipedia,2025-094-cameron-schmidt,https://en.wikipedia.org/wiki/2025_NHL_entry_draft
2025-095-teddy-mutryn,0,0,0,0,0,,,wikipedia,2025-095-teddy-mutryn,https://en.wikipedia.org/wiki/2025_NHL_entry_draft
2025-096-maxim-schafer,0,0,0,0,0,,,wikipedia,2025-096-maxim-schafer,https://en.wikipedia.org/wiki/2025_NHL_entry_draft
2025-097-lucas-beckman,0,0,0,0,0,,,wikipedia,2025-097-lucas-beckman,https://en.wikipedia.org/wiki/2025_NHL_entry_draft
2025-098-julius-sumpf,0,0,0,0,0,,,wikipedia,2025-098-julius-sumpf,https://en.wikipedia.org/wiki/2025_NHL_entry_draft
2025-099-trenten-bennett,0,0,0,0,0,,,wikipedia,2025-099-trenten-bennett,https://en.wikipedia.org/wiki/2025_NHL_entry_draft
2025-100-vashek-blanar,0,0,0,0,0,,,wikipedia,2025-100-vashek-blanar,https://en.wikipedia.org/wiki/2025_NHL_entry_draft
2025-101-drew-schock,0,0,0,0,0,,,wikipedia,2025-101-drew-schock,https://en.wikipedia.org/wiki/2025_NHL_entry_draft
2025-102-adam-benak,0,0,0,0,0,,,wikipedia,2025-102-adam-benak,https://en.wikipedia.org/wiki/2025_NHL_entry_draft
2025-103-matous-kucharcik,0,0,0,0,0,,,wikipedia,2025-103-matous-kucharcik,https://en.wikipedia.org/wiki/2025_NHL_entry_draft
2025-104-elijah-neuenschwander,0,0,0,0,0,,,wikipedia,2025-104-elijah-neuenschwander,https://en.wikipedia.org/wiki/2025_NHL_entry_draft
2025-105-travis-hayes,0,0,0,0,0,,,wikipedia,2025-105-travis-hayes,https://en.wikipedia.org/wiki/2025_NHL_entry_draft
2025-106-tomas-poletin,0,0,0,0,0,,,wikipedia,2025-106-tomas-poletin,https://en.wikipedia.org/wiki/2025_NHL_entry_draft
2025-107-parker-holmes,0,0,0,0,0,,,wikipedia,2025-107-parker-holmes,https://en.wikipedia.org/wiki/2025_NHL_entry_draft
2025-108-benjamin-rautiainen,0,0,0,0,0,,,wikipedia,2025-108-benjamin-rautiainen,https://en.wikipedia.org/wiki/2025_NHL_entry_draft
2025-109-brent-solomon,0,0,0,0,0,,,wikipedia,2025-109-brent-solomon,https://en.wikipedia.org/wiki/2025_NHL_entry_draft
2025-110-yegor-borikov,0,0,0,0,0,,,wikipedia,2025-110-yegor-borikov,https://en.wikipedia.org/wiki/2025_NHL_entry_draft
2025-111-mikkel-eriksen,0,0,0,0,0,,,wikipedia,2025-111-mikkel-eriksen,https://en.wikipedia.org/wiki/2025_NHL_entry_draft
2025-112-mads-kongsbak-klyvo,0,0,0,0,0,,,wikipedia,2025-112-mads-kongsbak-klyvo,https://en.wikipedia.org/wiki/2025_NHL_entry_draft
2025-113-l-j-mooney,0,0,0,0,0,,,wikipedia,2025-113-l-j-mooney,https://en.wikipedia.org/wiki/2025_NHL_entry_draft
2025-114-gustav-hillstrom,0,0,0,0,0,,,wikipedia,2025-114-gustav-hillstrom,https://en.wikipedia.org/wiki/2025_NHL_entry_draft
2025-115-ilyas-magomedsultanov,0,0,0,0,0,,,wikipedia,2025-115-ilyas-magomedsultanov,https://en.wikipedia.org/wiki/2025_NHL_entry_draft
2025-116-samuel-meloche,0,0,0,0,0,,,wikipedia,2025-116-samuel-meloche,https://en.wikipedia.org/wiki/2025_NHL_entry_draft
2025-117-david-lewandowski,0,0,0,0,0,,,wikipedia,2025-117-david-lewandowski,https://en.wikipedia.org/wiki/2025_NHL_entry_draft
2025-118-linus-funck,0,0,0,0,0,,,wikipedia,2025-118-linus-funck,https://en.wikipedia.org/wiki/2025_NHL_entry_draft
2025-119-michal-svrcek,0,0,0,0,0,,,wikipedia,2025-119-michal-svrcek,https://en.wikipedia.org/wiki/2025_NHL_entry_draft
2025-120-caeden-herrington,0,0,0,0,0,,,wikipedia,2025-120-caeden-herrington,https://en.wikipedia.org/wiki/2025_NHL_entry_draft
2025-121-lirim-amidovski,0,0,0,0,0,,,wikipedia,2025-121-lirim-amidovski,https://en.wikipedia.org/wiki/2025_NHL_entry_draft
2025-122-alex-huang,0,0,0,0,0,,,wikipedia,2025-122-alex-huang,https://en.wikipedia.org/wiki/2025_NHL_entry_draft
2025-123-carter-klippenstein,0,0,0,0,0,,,wikipedia,2025-123-carter-klippenstein,https://en.wikipedia.org/wiki/2025_NHL_entry_draft
2025-124-zack-sharp,0,0,0,0,0,,,wikipedia,2025-124-zack-sharp,https://en.wikipedia.org/wiki/2025_NHL_entry_draft
2025-125-jimmy-lombardi,0,0,0,0,0,,,wikipedia,2025-125-jimmy-lombardi,https://en.wikipedia.org/wiki/2025_NHL_entry_draft
2025-126-brandon-gorzynski,0,0,0,0,0,,,wikipedia,2025-126-brandon-gorzynski,https://en.wikipedia.org/wiki/2025_NHL_entry_draft
2025-127-aiden-foster,0,0,0,0,0,,,wikipedia,2025-127-aiden-foster,https://en.wikipedia.org/wiki/2025_NHL_entry_draft
2025-128-shea-busch,0,0,0,0,0,,,wikipedia,2025-128-shea-busch,https://en.wikipedia.org/wiki/2025_NHL_entry_draft
2025-129-shamar-moses,0,0,0,0,0,,,wikipedia,2025-129-shamar-moses,https://en.wikipedia.org/wiki/2025_NHL_entry_draft
2025-130-ryan-miller,0,0,0,0,0,,,wikipedia,2025-130-ryan-miller,https://en.wikipedia.org/wiki/2025_NHL_entry_draft
2025-131-asher-barnett,0,0,0,0,0,,,wikipedia,2025-131-asher-barnett,https://en.wikipedia.org/wiki/2025_NHL_entry_draft
2025-132-max-westergard,0,0,0,0,0,,,wikipedia,2025-132-max-westergard,https://en.wikipedia.org/wiki/2025_NHL_entry_draft
2025-133-cole-chandler,0,0,0,0,0,,,wikipedia,2025-133-cole-chandler,https://en.wikipedia.org/wiki/2025_NHL_entry_draft
2025-134-maxim-agafonov,0,0,0,0,0,,,wikipedia,2025-134-maxim-agafonov,https://en.wikipedia.org/wiki/2025_NHL_entry_draft
2025-135-noah-laberge,0,0,0,0,0,,,wikipedia,2025-135-noah-laberge,https://en.wikipedia.org/wiki/2025_NHL_entry_draft
2025-136-alexis-mathieu,0,0,0,0,0,,,wikipedia,2025-136-alexis-mathieu,https://en.wikipedia.org/wiki/2025_NHL_entry_draft
2025-137-william-belle,0,0,0,0,0,,,wikipedia,2025-137-william-belle,https://en.wikipedia.org/wiki/2025_NHL_entry_draft
2025-138-sam-laurila,0,0,0,0,0,,,wikipedia,2025-138-sam-laurila,https://en.wikipedia.org/wiki/2025_NHL_entry_draft
2025-139-zeb-lindgren,0,0,0,0,0,,,wikipedia,2025-139-zeb-lindgren,https://en.wikipedia.org/wiki/2025_NHL_entry_draft
2025-140-nikita-tyurin,0,0,0,0,0,,,wikipedia,2025-140-nikita-tyurin,https://en.wikipedia.org/wiki/2025_NHL_entry_draft
2025-141-justin-kipkie,0,0,0,0,0,,,wikipedia,2025-141-justin-kipkie,https://en.wikipedia.org/wiki/2025_NHL_entry_draft
2025-142-ivan-tkach-tkachenko,0,0,0,0,0,,,wikipedia,2025-142-ivan-tkach-tkachenko,https://en.wikipedia.org/wiki/2025_NHL_entry_draft
2025-143-wilson-bjorck,0,0,0,0,0,,,wikipedia,2025-143-wilson-bjorck,https://en.wikipedia.org/wiki/2025_NHL_entry_draft
2025-144-ethan-wyttenbach,0,0,0,0,0,,,wikipedia,2025-144-ethan-wyttenbach,https://en.wikipedia.org/wiki/2025_NHL_entry_draft
2025-145-alexis-cournoyer,0,0,0,0,0,,,wikipedia,2025-145-alexis-cournoyer,https://en.wikipedia.org/wiki/2025_NHL_entry_draft
2025-146-atte-joki,0,0,0,0,0,,,wikipedia,2025-146-atte-joki,https://en.wikipedia.org/wiki/2025_NHL_entry_draft
2025-147-mikhail-fyodorov,0,0,0,0,0,,,wikipedia,2025-147-mikhail-fyodorov,https://en.wikipedia.org/wiki/2025_NHL_entry_draft
2025-148-quinn-beauchesne,0,0,0,0,0,,,wikipedia,2025-148-quinn-beauchesne,https://en.wikipedia.org/wiki/2025_NHL_entry_draft
2025-149-dmitri-isayev,0,0,0,0,0,,,wikipedia,2025-149-dmitri-isayev,https://en.wikipedia.org/wiki/2025_NHL_entry_draft
2025-150-max-heise,0,0,0,0,0,,,wikipedia,2025-150-max-heise,https://en.wikipedia.org/wiki/2025_NHL_entry_draft
2025-151-everett-baldwin,0,0,0,0,0,,,wikipedia,2025-151-everett-baldwin,https://en.wikipedia.org/wiki/2025_NHL_entry_draft
2025-152-petteri-rimpinen,0,0,0,0,0,,,wikipedia,2025-152-petteri-rimpinen,https://en.wikipedia.org/wiki/2025_NHL_entry_draft
2025-153-harry-nansi,0,0,0,0,0,,,wikipedia,2025-153-harry-nansi,https://en.wikipedia.org/wiki/2025_NHL_entry_draft
2025-154-jordan-charron,0,0,0,0,0,,,wikipedia,2025-154-jordan-charron,https://en.wikipedia.org/wiki/2025_NHL_entry_draft
2025-155-jackson-crowder,0,0,0,0,0,,,wikipedia,2025-155-jackson-crowder,https://en.wikipedia.org/wiki/2025_NHL_entry_draft
2025-156-viktor-klingsell,0,0,0,0,0,,,wikipedia,2025-156-viktor-klingsell,https://en.wikipedia.org/wiki/2025_NHL_entry_draft
2025-157-luke-vlooswyk,0,0,0,0,0,,,wikipedia,2025-157-luke-vlooswyk,https://en.wikipedia.org/wiki/2025_NHL_entry_draft
2025-158-mans-goos,0,0,0,0,0,,,wikipedia,2025-158-mans-goos,https://en.wikipedia.org/wiki/2025_NHL_entry_draft
2025-159-emile-guite,0,0,0,0,0,,,wikipedia,2025-159-emile-guite,https://en.wikipedia.org/wiki/2025_NHL_entry_draft
2025-160-owen-griffin,0,0,0,0,0,,,wikipedia,2025-160-owen-griffin,https://en.wikipedia.org/wiki/2025_NHL_entry_draft
2025-161-david-rozsival,0,0,0,0,0,,,wikipedia,2025-161-david-rozsival,https://en.wikipedia.org/wiki/2025_NHL_entry_draft
2025-162-ashton-cumby,0,0,0,0,0,,,wikipedia,2025-162-ashton-cumby,https://en.wikipedia.org/wiki/2025_NHL_entry_draft
2025-163-daniel-nieminen,0,0,0,0,0,,,wikipedia,2025-163-daniel-nieminen,https://en.wikipedia.org/wiki/2025_NHL_entry_draft
2025-164-nathan-quinn,0,0,0,0,0,,,wikipedia,2025-164-nathan-quinn,https://en.wikipedia.org/wiki/2025_NHL_entry_draft
2025-165-kirill-yemelyanov,0,0,0,0,0,,,wikipedia,2025-165-kirill-yemelyanov,https://en.wikipedia.org/wiki/2025_NHL_entry_draft
2025-166-samuel-jung,0,0,0,0,0,,,wikipedia,2025-166-samuel-jung,https://en.wikipedia.org/wiki/2025_NHL_entry_draft
2025-167-ashton-schultz,0,0,0,0,0,,,wikipedia,2025-167-ashton-schultz,https://en.wikipedia.org/wiki/2025_NHL_entry_draft
2025-168-anthony-allain-samake,0,0,0,0,0,,,wikipedia,2025-168-anthony-allain-samake,https://en.wikipedia.org/wiki/2025_NHL_entry_draft
2025-169-carter-sanderson,0,0,0,0,0,,,wikipedia,2025-169-carter-sanderson,https://en.wikipedia.org/wiki/2025_NHL_entry_draft
2025-170-burke-hood,0,0,0,0,0,,,wikipedia,2025-170-burke-hood,https://en.wikipedia.org/wiki/2025_NHL_entry_draft
2025-171-evan-passmore,0,0,0,0,0,,,wikipedia,2025-171-evan-passmore,https://en.wikipedia.org/wiki/2025_NHL_entry_draft
2025-172-will-murphy,0,0,0,0,0,,,wikipedia,2025-172-will-murphy,https://en.wikipedia.org/wiki/2025_NHL_entry_draft
2025-173-victor-hedin-raftheim,0,0,0,0,0,,,wikipedia,2025-173-victor-hedin-raftheim,https://en.wikipedia.org/wiki/2025_NHL_entry_draft
2025-174-ludvig-johnson,0,0,0,0,0,,,wikipedia,2025-174-ludvig-johnson,https://en.wikipedia.org/wiki/2025_NHL_entry_draft
2025-175-gabriel-chiarot,0,0,0,0,0,,,wikipedia,2025-175-gabriel-chiarot,https://en.wikipedia.org/wiki/2025_NHL_entry_draft
2025-176-aidan-lane,0,0,0,0,0,,,wikipedia,2025-176-aidan-lane,https://en.wikipedia.org/wiki/2025_NHL_entry_draft
2025-177-carlos-handel,0,0,0,0,0,,,wikipedia,2025-177-carlos-handel,https://en.wikipedia.org/wiki/2025_NHL_entry_draft
2025-178-sigge-holmgren,0,0,0,0,0,,,wikipedia,2025-178-sigge-holmgren,https://en.wikipedia.org/wiki/2025_NHL_entry_draft
2025-179-love-harenstam,0,0,0,0,0,,,wikipedia,2025-179-love-harenstam,https://en.wikipedia.org/wiki/2025_NHL_entry_draft
2025-180-aron-dahlqvist,0,0,0,0,0,,,wikipedia,2025-180-aron-dahlqvist,https://en.wikipedia.org/wiki/2025_NHL_entry_draft
2025-181-bruno-idzan,0,0,0,0,0,,,wikipedia,2025-181-bruno-idzan,https://en.wikipedia.org/wiki/2025_NHL_entry_draft
2025-182-reko-alanko,0,0,0,0,0,,,wikipedia,2025-182-reko-alanko,https://en.wikipedia.org/wiki/2025_NHL_entry_draft
2025-183-viggo-nordlund,0,0,0,0,0,,,wikipedia,2025-183-viggo-nordlund,https://en.wikipedia.org/wiki/2025_NHL_entry_draft
2025-184-jan-chovan,0,0,0,0,0,,,wikipedia,2025-184-jan-chovan,https://en.wikipedia.org/wiki/2025_NHL_entry_draft
2025-185-rylan-fellinger,0,0,0,0,0,,,wikipedia,2025-185-rylan-fellinger,https://en.wikipedia.org/wiki/2025_NHL_entry_draft
2025-186-alexander-weiermair,0,0,0,0,0,,,wikipedia,2025-186-alexander-weiermair,https://en.wikipedia.org/wiki/2025_NHL_entry_draft
2025-187-gustav-sjoqvist,0,0,0,0,0,,,wikipedia,2025-187-gustav-sjoqvist,https://en.wikipedia.org/wiki/2025_NHL_entry_draft
2025-188-edison-engle,0,0,0,0,0,,,wikipedia,2025-188-edison-engle,https://en.wikipedia.org/wiki/2025_NHL_entry_draft
2025-189-andrew-macniel,0,0,0,0,0,,,wikipedia,2025-189-andrew-macniel,https://en.wikipedia.org/wiki/2025_NHL_entry_draft
2025-190-dawson-sharkey,0,0,0,0,0,,,wikipedia,2025-190-dawson-sharkey,https://en.wikipedia.org/wiki/2025_NHL_entry_draft
2025-191-daniel-salonen,0,0,0,0,0,,,wikipedia,2025-191-daniel-salonen,https://en.wikipedia.org/wiki/2025_NHL_entry_draft
2025-192-arvid-drott,0,0,0,0,0,,,wikipedia,2025-192-arvid-drott,https://en.wikipedia.org/wiki/2025_NHL_entry_draft
2025-193-caleb-heil,0,0,0,0,0,,,wikipedia,2025-193-caleb-heil,https://en.wikipedia.org/wiki/2025_NHL_entry_draft
2025-194-ilya-kanarsky,0,0,0,0,0,,,wikipedia,2025-194-ilya-kanarsky,https://en.wikipedia.org/wiki/2025_NHL_entry_draft
2025-195-melvin-novotny,0,0,0,0,0,,,wikipedia,2025-195-melvin-novotny,https://en.wikipedia.org/wiki/2025_NHL_entry_draft
2025-196-brendan-mcmorrow,0,0,0,0,0,,,wikipedia,2025-196-brendan-mcmorrow,https://en.wikipedia.org/wiki/2025_NHL_entry_draft
2025-197-brendan-dunphy,0,0,0,0,0,,,wikipedia,2025-197-brendan-dunphy,https://en.wikipedia.org/wiki/2025_NHL_entry_draft
2025-198-jeremy-loranger,0,0,0,0,0,,,wikipedia,2025-198-jeremy-loranger,https://en.wikipedia.org/wiki/2025_NHL_entry_draft
2025-199-yevgeni-prokhorov,0,0,0,0,0,,,wikipedia,2025-199-yevgeni-prokhorov,https://en.wikipedia.org/wiki/2025_NHL_entry_draft
2025-200-brady-turko,0,0,0,0,0,,,wikipedia,2025-200-brady-turko,https://en.wikipedia.org/wiki/2025_NHL_entry_draft
2025-201-kale-dach,0,0,0,0,0,,,wikipedia,2025-201-kale-dach,https://en.wikipedia.org/wiki/2025_NHL_entry_draft
2025-202-jacob-kvasnicka,0,0,0,0,0,,,wikipedia,2025-202-jacob-kvasnicka,https://en.wikipedia.org/wiki/2025_NHL_entry_draft
2025-203-felix-farhammar,0,0,0,0,0,,,wikipedia,2025-203-felix-farhammar,https://en.wikipedia.org/wiki/2025_NHL_entry_draft
2025-204-grayden-robertson-palmer,0,0,0,0,0,,,wikipedia,2025-204-grayden-robertson-palmer,https://en.wikipedia.org/wiki/2025_NHL_entry_draft
2025-205-karl-annborn,0,0,0,0,0,,,wikipedia,2025-205-karl-annborn,https://en.wikipedia.org/wiki/2025_NHL_entry_draft
2025-206-roman-luttsev,0,0,0,0,0,,,wikipedia,2025-206-roman-luttsev,https://en.wikipedia.org/wiki/2025_NHL_entry_draft
2025-207-matthew-lansing,0,0,0,0,0,,,wikipedia,2025-207-matthew-lansing,https://en.wikipedia.org/wiki/2025_NHL_entry_draft
2025-208-jakob-leander,0,0,0,0,0,,,wikipedia,2025-208-jakob-leander,https://en.wikipedia.org/wiki/2025_NHL_entry_draft
2025-209-maxon-vig,0,0,0,0,0,,,wikipedia,2025-209-maxon-vig,https://en.wikipedia.org/wiki/2025_NHL_entry_draft
2025-210-richard-gallant,0,0,0,0,0,,,wikipedia,2025-210-richard-gallant,https://en.wikipedia.org/wiki/2025_NHL_entry_draft
2025-211-yan-matveiko,0,0,0,0,0,,,wikipedia,2025-211-yan-matveiko,https://en.wikipedia.org/wiki/2025_NHL_entry_draft
2025-212-grant-spada,0,0,0,0,0,,,wikipedia,2025-212-grant-spada,https://en.wikipedia.org/wiki/2025_NHL_entry_draft
2025-213-andrei-trofimov,0,0,0,0,0,,,wikipedia,2025-213-andrei-trofimov,https://en.wikipedia.org/wiki/2025_NHL_entry_draft
2025-214-nolan-roed,0,0,0,0,0,,,wikipedia,2025-214-nolan-roed,https://en.wikipedia.org/wiki/2025_NHL_entry_draft
2025-215-marco-mignosa,0,0,0,0,0,,,wikipedia,2025-215-marco-mignosa,https://en.wikipedia.org/wiki/2025_NHL_entry_draft
2025-216-william-sharpe,0,0,0,0,0,,,wikipedia,2025-216-william-sharpe,https://en.wikipedia.org/wiki/2025_NHL_entry_draft
2025-217-matthew-hlacar,0,0,0,0,0,,,wikipedia,2025-217-matthew-hlacar,https://en.wikipedia.org/wiki/2025_NHL_entry_draft
2025-218-loke-krantz,0,0,0,0,0,,,wikipedia,2025-218-loke-krantz,https://en.wikipedia.org/wiki/2025_NHL_entry_draft
2025-219-ryan-rucinski,0,0,0,0,0,,,wikipedia,2025-219-ryan-rucinski,https://en.wikipedia.org/wiki/2025_NHL_entry_draft
2025-220-jacob-cloutier,0,0,0,0,0,,,wikipedia,2025-220-jacob-cloutier,https://en.wikipedia.org/wiki/2025_NHL_entry_draft
2025-221-filip-ekberg,0,0,0,0,0,,,wikipedia,2025-221-filip-ekberg,https://en.wikipedia.org/wiki/2025_NHL_entry_draft
2025-222-charlie-paquette,0,0,0,0,0,,,wikipedia,2025-222-charlie-paquette,https://en.wikipedia.org/wiki/2025_NHL_entry_draft
2025-223-aidan-park,0,0,0,0,0,,,wikipedia,2025-223-aidan-park,https://en.wikipedia.org/wiki/2025_NHL_entry_draft
2025-224-yegor-midlak,0,0,0,0,0,,,wikipedia,2025-224-yegor-midlak,https://en.wikipedia.org/wiki/2025_NHL_entry_draft
